{
	"schemaVersion": 1,
	"id": "kripsimpleapi",
	"version": "${version}",
	"name": "KripSimpleAPI",
	"description": "API for fast creation of mods on fabric",
	"authors": [
		"Kriperovich"
	],
	"contact": {
		"homepage": "https://modrinth.com/project/kripsimpleapi",
		"sources": "https://github.com/Kriperovich/KripSimpleAPI/tree/main"
	},
	"license": "CC0-1.0",
	"icon": "assets/kripsimpleapi/icon.png",
	"environment": "*",
	"entrypoints": {
		"main": [
			"com.kriperovich.KripSimpleAPI"
		],
		"client": [
			"com.kriperovich.KripSimpleAPIClient"
		]
	},
	"mixins": [
		"kripsimpleapi.mixins.json",
		{
			"config": "kripsimpleapi.client.mixins.json",
			"environment": "client"
		}
	],
	"depends": {
		"fabricloader": ">=0.16.9",
		"minecraft": "~1.20.4",
		"java": ">=17",
		"fabric-api": "*"
	},
	"suggests": {
		"another-mod": "*"
	}
}